{"minzoom":0,"maxzoom":9,"center":[74.179688,45.336163,9.0],"bounds":[46.495647,40.570602,87.314766,55.440949]}