{"minzoom":0,"maxzoom":8,"center":[76.640625,43.578236,8.0],"bounds":[46.495647,40.570602,87.314766,55.440949]}